,sigma_Cl,sigma_H,sigma_N,sigma_O,epsilon_Cl,epsilon_H,epsilon_N,epsilon_O,ucmd_clf
739048,0.49678173183855,0.678757307353977,0.211032937858509,0.704713876028923,0.757406168813794,0.456147528885808,0.969495285784457,0.317870621139571,True
717858,0.646286293482909,0.666092103569494,0.196788063797324,0.64180325045722,0.418523172194273,0.552349154390076,0.942340630704027,0.519856080048463,True
